a,apple,airliner
b,banana,broccoli,bird,bin lorry,blue,black
c,cat,car,chair,comet,carrot,clock
d,dog,dinosaur,daddy,digger,dumptruck
e,earth,egg,elephant
f,fish,frog,fox,fire engine
g,grapes,giraffe,gruffalo,grandma,grandpa,green
h,helicopter,hat,horse,home,hippopotamus
i,ice,ice cream,igloo
j,juice,jug,jupiter
k,kite,kangaroo,king
l,lion,leaf,lettuce,lorry
m,moon,mars,mouse,mummy,monster
n,nursery,nest,nuts
o,octopus,orange,onion
p,planet,pear,pig,pluto,peas,police car,petrol station,purple,potato
q,quilt,queen
r,rocket,rabbit,robot,road,rhinoceros,red
s,space shuttle,snake,star,saturn,spitfire
t,train,tree,tractor,television
u,umbrella
v,van,violin,venus
w,water,whale,window,white
x,x-ray
y,yo-yo,yellow
z,zebra,zoo
