A,apple,airliner
B,banana,broccoli,bird,bin lorry
C,cat,car,chair,comet,carrot,clock
D,dog,dinosaur,daddy,digger,dumptruck
E,earth,egg,elephant,einstein,electron,enterprise
F,fish,frog,fox,fire engine
G,grapes,giraffe,gruffalo,grandma,grandpa
H,helicopter,hat,horse,home,hippopotamus,higgs boson
I,ice,ice cream,igloo
J,juice,jug,jupiter
K,kite,kangaroo,king,kelvin,klingon,kirk
L,lion,leaf,lettuce,lorry
M,moon,mars,mouse,mummy,monster
N,nursery,nest,nuts,newton,neutron
O,octopus,onion
P,planet,pear,pig,pluto,proton,peas,police car,petrol station,potato
Q,quilt,queen,quark
R,rocket,rabbit,robot,road,rhinoceros,romulan
S,space shuttle,snake,star,saturn,spitfire,spock,space station
T,train,tree,tractor,television
U,umbrella
V,van,violin,venus
W,water,whale,window,white
X,x-ray,xbox
Y,yo-yo
Z,zebra,zoo
0
1
2
3
4
5
6
7
8
9